c001,ashish dhuri,ashish@gmail.com
c002,ankit madhavi,ankit@gmail.com
c003,sahil,sahil@gmail.com
c004,uday,uday@gmail.com
c005,pooja,pooja@gmail.com
c007,aditya patil,aditya@gmail.com
